--------------
/*Assignment #9*/

USE bookstore
--------------

Query OK, 0 rows affected (0.00 sec)

--------------
/*Query 1*/
/*Re-written Selectstatement*/
SELECT DISTINCT category_name
	FROM category c
	WHERE c.category_id IN( 
					SELECT DISTINCT p.category_id 
                    FROM product p)
	ORDER BY category_name
--------------

+---------------+
| category_name |
+---------------+
| Book          |
| CD            |
| Computer      |
| DVD           |
| printer       |
| Video         |
+---------------+
6 rows in set (0.00 sec)

--------------
    
/*Query 2*/
/*Returns the product_name and list_price columns for products
that have a list price greater than the average list price
for all products*/
SELECT product_name, list_price 
	FROM product p 
    WHERE p.list_price > 
				(SELECT AVG(pp.list_price)
					FROM product pp)
	ORDER BY list_price DESC
--------------

+------------------------+------------+
| product_name           | list_price |
+------------------------+------------+
| HP Envy 750qe Desktop  |    2517.00 |
| Dell Inspiron 17 5000  |    1415.00 |
| HP Pavilion 15t Star   |    1299.00 |
| Lenovo H50 Desktop     |    1199.00 |
| Dell XPS 8700          |     999.00 |
| Toshiba Satellite S55T |     989.99 |
| HP Color LaserJet      |     599.00 |
+------------------------+------------+
7 rows in set (0.00 sec)

--------------
/*Query 3*/
/*Displays category_name from category table.
Returns one row for each category that has never 
been assigned to any product in the Products
table.*/
SELECT category_name 
	FROM category c
    WHERE NOT EXISTS 
			(SELECT *
				FROM product p
				WHERE p.category_id IS NULL)
--------------

+---------------+
| category_name |
+---------------+
| Book          |
| CD            |
| Computer      |
| DVD           |
| printer       |
| Video         |
+---------------+
6 rows in set (0.00 sec)

--------------
                    

/*Query 4*/
/*First statement displays email_address and 
and the largest order for that customer.
Second statement displays email address,
order_id and order total for each customer.
First uese second in FROM clause.*/

SELECT email_address,MAX(order_total) AS max_order_total
FROM 
	(SELECT c.email_address, o.order_id, SUM((oi.item_price - oi.discount_amount) * oi.quantity) AS order_total
		FROM customer c 
			JOIN orders o 
				ON c.customer_id = o.customer_id
			JOIN orderitems oi 
				ON o.order_id = oi.order_id
	GROUP BY email_address, oi.order_id) t
GROUP BY email_address
--------------

+-----------------------------+-----------------+
| email_address               | max_order_total |
+-----------------------------+-----------------+
| allan.sherwood@yahoo.com    |         3306.29 |
| barryz@gmail.com            |         1671.69 |
| christineb@solarone.com     |         1689.76 |
| david.goldstein@hotmail.com |         1299.00 |
| erinv@gmail.com             |         1299.00 |
| frankwilson@sbcglobal.net   |         1305.75 |
| gary_hernandez@yahoo.com    |           42.50 |
+-----------------------------+-----------------+
7 rows in set (0.02 sec)

--------------
/*Query 5*/
/*Display product name and discount percent of 
each product that has a unique discount percent.
*/
SELECT  p.product_name,p.discount_percent
	FROM product p
    WHERE p.discount_percent NOT IN
			(SELECT pp.discount_percent
				FROM product pp
                WHERE p.product_name <> pp.product_name) 
	ORDER BY product_name
--------------

+-----------------------+------------------+
| product_name          | discount_percent |
+-----------------------+------------------+
| Dell Inspiron 17 5000 |            39.00 |
| HP Envy 750qe Desktop |            52.00 |
| HP Pavilion 15t Star  |             0.00 |
| Pop 3                 |            25.00 |
+-----------------------+------------------+
4 rows in set (0.00 sec)

--------------
    
/*Query 6*/
/*Displays email address, order id and order date for each
customer with oldest order*/
SELECT c.email_address, order_id, order_date
	FROM customer c
		JOIN orders o
		ON o.order_date = 
				(SELECT MIN(order_date)
					FROM orders o
                    WHERE c.customer_id = o.customer_id)
--------------

+-----------------------------+----------+---------------------+
| email_address               | order_id | order_date          |
+-----------------------------+----------+---------------------+
| allan.sherwood@yahoo.com    |        1 | 2015-03-28 09:40:28 |
| barryz@gmail.com            |        2 | 2015-03-28 11:23:20 |
| christineb@solarone.com     |        4 | 2015-03-30 15:22:31 |
| david.goldstein@hotmail.com |        5 | 2015-03-31 05:43:11 |
| erinv@gmail.com             |        6 | 2015-03-31 18:37:22 |
| frankwilson@sbcglobal.net   |        7 | 2015-04-01 23:11:12 |
| gary_hernandez@yahoo.com    |        8 | 2015-04-02 11:26:38 |
+-----------------------------+----------+---------------------+
7 rows in set (0.00 sec)

--------------
/*Query 7*/
/*For each product whose items were sold in more than
one sales transaction, displays the product ID, 
product name, and list price.*/
SELECT product_id, product_name,list_price
	FROM product
    WHERE product_id IN
		(SELECT product_id
			FROM orderitems
            WHERE quantity > 1)
--------------

+------------+---------------------+------------+
| product_id | product_name        | list_price |
+------------+---------------------+------------+
|       2234 | Lenovo H50 Desktop  |    1199.00 |
|      10234 | Z Files             |      49.99 |
+------------+---------------------+------------+
2 rows in set (0.00 sec)

--------------
            
/*Query 8*/
/*Displays last and first name of customers who 
have purchased an item that costs more than $300.*/
SELECT last_name, first_name 
FROM customer c
WHERE EXISTS 
	(SELECT * 
		FROM orders o, orderitems oi 
        WHERE c.customer_id = o.customer_id
			AND o.order_id = oi.order_id 
			AND oi.item_price > 300)
--------------

+-----------+------------+
| last_name | first_name |
+-----------+------------+
| Sherwood  | Allan      |
| Zimmer    | Barry      |
| Brown     | Christine  |
| Goldstein | David      |
| Valentino | Erin       |
| Wilson    | Frank Lee  |
+-----------+------------+
6 rows in set (0.00 sec)

--------------
/*Query 9*/
/*Displays the last name, first name, and email address 
of the customers who made the purchase with 
order IDs 1, 2, and 3.*/
SELECT last_name,first_name,email_address
FROM customer c
WHERE EXISTS(SELECT * 
				FROM orders o, orderitems oi 
				WHERE c.customer_id = o.customer_id 
					AND o.order_id = oi.order_id 
					AND oi.order_id BETWEEN 1 AND 3)
--------------

+-----------+------------+--------------------------+
| last_name | first_name | email_address            |
+-----------+------------+--------------------------+
| Sherwood  | Allan      | allan.sherwood@yahoo.com |
| Zimmer    | Barry      | barryz@gmail.com         |
+-----------+------------+--------------------------+
2 rows in set (0.00 sec)

--------------
                    
                    
                    
/*10*/
/*Displays the last name, first name, and email address 
of customers who have purchased an item that was supplied
by a vendor with a Company Name that begins with the
letter H.*/
SELECT last_name, first_name, email_address
	FROM customer c
    WHERE EXISTS (SELECT *
					FROM orders o,orderitems oi,product p,vendor v
                    WHERE c.customer_id = o.customer_id
                    AND o.order_id = oi.order_id
                    AND oi.product_id = p.product_id
                    AND p.vendor_id = v.vendor_id
                    AND v.company_name LIKE 'H%')
--------------

+-----------+------------+-----------------------------+
| last_name | first_name | email_address               |
+-----------+------------+-----------------------------+
| Zimmer    | Barry      | barryz@gmail.com            |
| Brown     | Christine  | christineb@solarone.com     |
| Goldstein | David      | david.goldstein@hotmail.com |
| Wilson    | Frank Lee  | frankwilson@sbcglobal.net   |
+-----------+------------+-----------------------------+
4 rows in set (0.00 sec)

--------------
/*11*/
/*Displays the product id, product name, and product price
for each product that has more than two items sold within 
all sales transactions*/
SELECT product_id,product_name,list_price
	FROM product
    WHERE product_id IN (SELECT product_id
							FROM orderitems
                            GROUP BY product_id
                            HAVING SUM(quantity) > 2)
--------------

+------------+----------------------+------------+
| product_id | product_name         | list_price |
+------------+----------------------+------------+
|       1234 | Dell XPS 8700        |     999.00 |
|       2234 | Lenovo H50 Desktop   |    1199.00 |
|       5234 | HP Pavilion 15t Star |    1299.00 |
|      10234 | Z Files              |      49.99 |
+------------+----------------------+------------+
4 rows in set (0.00 sec)

Bye
